Adrenaline - 81,,,,,,
Alprazolam - 10,,,,,,
Alprazolam - 129,,,ssar-ppi-interaction-nov-2013,0900a0458152606f,,
Alprazolam - 135,,,,,,
Alprazolam - 136,,,,,,
Alprazolam - 164,,,,,,
Alprostadil  - 1,,,ssar-cerebrovascular accident-sep-2012,0900a045810ac035,ssar-cerebrovascular accident-sep-2012-supplement part a,0900a045810ac1ae
Alprostadil  - 100,,,,,,
Alprostadil  - 101,,,,,,
Alprostadil  - 102,,,,,,
Alprostadil  - 103,,,,,,
Alprostadil  - 104,,,,,,
Alprostadil  - 105,,,,,,
Alprostadil  - 106,,,,,,
Alprostadil  - 107,,,,,,
Alprostadil  - 108,,,,,,
Alprostadil  - 109,,,,,,
Alprostadil  - 110,,,,,,
Alprostadil  - 111,,,,,,
Alprostadil  - 2,,,ssar-myocardial infarction-sep-2012,0900a04581080c96,ssar-myocardial infarction-sep-2012-supplement part a,0900a04581080d7b
Alprostadil  - 3,,,,,,
Alprostadil  - 4,,,ssar-acute-renal-failure-apr-2012,0900a04581b20112,,
Alprostadil  - 5,,,ssar-dyspnoea-sep-2012,0900a045810ac1a6,ssar-dyspnoea-sep-2012-supplement part a,0900a045810ac1f7
Alprostadil  - 58,,,ssar-risks of cva and/or amnesia-may-2011,0900a04581080c95,,
Alprostadil  - 59,,,ssar-myocardial ischaemia-may-2011,0900a04581080c94,,
Alprostadil - 182,,,,,,
Alprostadil - 183,,,,,,
Alprostadil - 187,,,,,,
Alprostadil - 228,,,ssar-acute pancreatitis-mar-2014,0900a045817de8c2,,
Alprostadil - 239,,,,,,
Alprostadil - 240,,,ssar-lack of efficacy-feb-2015,0900a04581a82148,,
Alprostadil - 241,,,,,,
Alprostadil - 286,,,,,,
Alprostadil - 287,,,,,,
Alprostadil - 288,,,,,,
Alprostadil - 291,,,ssar-kidney-injury-related-to-cyclodextrin-mar-2015,0900a04581afece1,,
Alprostadil - 294,,,,,,
Alprostadil - 316,,,,,,
Alprostadil - 325,,,,,,
Amiodarone - 11,,,,,,
Amiodarone - 124,,,,,,
Amiodarone - 194,,,ssar-siadh-oct-2014,0900a04581a2cde7,ssar-siadh-oct-2014-part a,0900a04581b15df0
Amiodarone - 196,,,ssar-interaction with colchicine-sep-2014,0900a045819b994b,ssar-interaction with colchicine-sep-2014-part-a,0900a04581aae29f
Amiodarone - 206,,,,,,
Amiodarone - 207,,,,,,
Amiodarone - 213,,,ssar-interaction-methotrexate-mar-2015,0900a04581baa452,,
Amiodarone - 214,,,,,,
Amlodipine containing products - 168,,,,,,
Amlodipine/ramipril - 132,,,,,,
Amlodipine/ramipril - 183,,,,,,
Amlodipine/ramipril - 184,,,,,,
Amlodipine/ramipril - 226,,,,,,
Atenolol - 1,,,,,,
Atenolol - 127,,,,,,
Atenolol - 16,,,,,,
Atenolol - 17,,,,,,
Atenolol - 18,,,,,,
Atenolol - 19,,,ssar-systemic lupus erythematosus-jul-2013,0900a04581609fcb,ssar-lupus erythematosus-jul-2013-part-a,0900a0458173f313
Atenolol - 2,,,,,,
Atenolol - 20,,,,,,
Atenolol-chlortalidone - 174,,,,,,
Atenolol-chlortalidone - 175,,,,,,
Atenolol-chlortalidone - 178,,,,,,
Atorvastatin - 228,,,,,,
Atorvastatin - 229,,,,,,
Atorvastatin - 239,,,,,,
Atropine - 112,,,,,,
Atropine - 267,,,,,,
Atropine - 269,,,,,,
Azathioprine - 21,,,,,,
Azathioprine - 22,,,,,,
Azathioprine - 237,,,ssar-dress-aug-2015,0900a04581d7c6ee,ssar-dress-aug-2015-part-a,0900a04581e0190c
Azathioprine - 28,,,,,,
Azathioprine - 7,,,ssar-hepatitis c aggravated-oct-2012,0900a04581080bd0,,
Bamifyline Chlorohydrate - 29,,,,,,
Bemetizide/Triamterene - 134,,,,,,
Brivaracetam - 1,,,,,,
Brivaracetam - 10,,,,,,
Brivaracetam - 11,,,,,,
Brivaracetam - 12,,,,,,
Brivaracetam - 13,,,,,,
Brivaracetam - 14,,,,,,
Brivaracetam - 15,,,,,,
Brivaracetam - 16,,,,,,
Brivaracetam - 17,,,,,,
Brivaracetam - 18,,,,,,
Brivaracetam - 19,,,,,,
Brivaracetam - 2,,,,,,
Brivaracetam - 20,,,,,,
Brivaracetam - 21,,,,,,
Brivaracetam - 22,,,,,,
Brivaracetam - 23,,,,,,
Brivaracetam - 24,,,,,,
Brivaracetam - 25,,,,,,
Brivaracetam - 26,,,,,,
Brivaracetam - 27,,,,,,
Brivaracetam - 28,,,,,,
Brivaracetam - 29,,,,,,
Brivaracetam - 30,,,ssar-CBZ-E-Jan-2015,0900a045819ab234,,
Brivaracetam - 31,,,ssar-CBZ-E-Pregnancy-May-2015,0900a04581b433ad,,
Brivaracetam - 5,,,ssar-psychosis-mar-2013,0900a0458122c51e,,
Brivaracetam - 6,,,,,,
Brivaracetam - 7,,,,,,
Brivaracetam - 8,,,,,,
Brivaracetam - 9,,,,,,
Certolizumab - 1,,,,,,
Certolizumab - 10,,,ssar-lack of efficacy-feb-2013,0900a0458123684e,,
Certolizumab - 11,,,ssar-gastrointestinal carcinoma-nov-2012,0900a045810c7fce,,
Certolizumab - 12,,,ssar-blood glucose changes-oct-2012,0900a045812080d9,,
Certolizumab - 13,,,ssar-merkel cell carcinoma-may-2012,0900a04581097605,,
Certolizumab - 14,,,ssar-hearing loss-oct-2012,0900a045811f80b8,,
Certolizumab - 15,,,ssar-malignant melanoma-oct-2012,0900a04581235668,,
Certolizumab - 16,,,ssar-rhabdomyolysis-feb-2013,0900a0458123684f,,
Certolizumab - 17,,,ssar-demyelinating disorder-mar-2013,0900a045811f554d,,
Certolizumab - 18,,,ssar-elevated pk in ra0043-feb-2013,0900a04581235667,,
Certolizumab - 19,,,ssar-mortality rate in psa001-mar-2013,0900a04581235669,,
Certolizumab - 2,,,ssar-fetal bradycardia-oct-2012,0900a0458110556e,,
Certolizumab - 20,,,,,,
Certolizumab - 21,,,,,,
Certolizumab - 22,,,,,,
Certolizumab - 23,,,,,,
Certolizumab - 24,,,,,,
Certolizumab - 25,,,ssar-serious skin conditions-sep-2013,0900a04581444586,,
Certolizumab - 26,,,,,,
Certolizumab - 27,,,ssar-increased cpk in axspa patients-feb-2014,0900a045815ea901,ssar-increased cpk in axspa part a recommendations-mar-2014,0900a0458164e31a
Certolizumab - 28,,,,,,
Certolizumab - 29,,,,,,
Certolizumab - 3,,,ssar-hepatosplenic t-cell lymphoma-may-2012,0900a04581097604,,
Certolizumab - 30,,,ssar-mortality-rate-discrepency-in-ra-mar-2013,0900a0458166b9b0,,
Certolizumab - 31,,,ssar-mortality rate in crohn's disease-mar-2014,0900a045816651fb,,
Certolizumab - 32,,,ssar-peg-vacuolation-feb-2014,0900a045815f81d0,,
Certolizumab - 33,,,,,,
Certolizumab - 34,,,ssar-blood glucose changes addendum: hypoglycemia-aug-2014,0900a0458181c85e,,
Certolizumab - 35,,,ssar-immunogenicity in ra-dec-2014,0900a045819a3619,,
Certolizumab - 36,,,,,,
Certolizumab - 37,,,ssar-immunogenicity in cd-nov-2014,0900a0458195748c,,
Certolizumab - 38,,,ssar-autoimmune hepatitis-oct-2014,0900a045818dcf43,,
Certolizumab - 39,,,,,,
Certolizumab - 4,,,ssar-long term effect on infection-mar-2013,0900a045812355b7,,
Certolizumab - 40,,,ssar-autoimmune hepatitis addendum-jan-2015,0900a045819ef952,,
Certolizumab - 41,,,,,,
Certolizumab - 42,,,ssar-development of TB despite prophylaxis-mar-2015,0900a04581aa8850,,
Certolizumab - 43,,,,,,
Certolizumab - 44,,,ssar-addendum to autoimmune hepatitis-sep-2015,0900a04581d029fe,,
Certolizumab - 45,,,,,,
Certolizumab - 5,,,ssar-long term effect on neoplasm-mar-2013,0900a04581235665,,
Certolizumab - 6,,,,,,
Certolizumab - 7,,,,,,
Certolizumab - 8,,,ssar-anasarca-mar-2013,0900a04581235666,,
Certolizumab - 9,,,ssar-cerebrovascular events in asian subjects-apr-2012,0900a0458106c8b6,,
Ceti-Pseudo - 118,,,ssar-visual disorders-oct-2011,0900a04581056682,,
Ceti-Pseudo - 119,,,,,,
Ceti-Pseudo - 120,,,,,,
Ceti-Pseudo - 121,,,,,,
Ceti-Pseudo - 203,,,,,,
Ceti-Pseudo - 213,,,,,,
Ceti-Pseudo - 283,,,ssar-withdrawal syndrome-apr-2015,0900a04581cf3311,,
Ceti-Pseudo - 60,,,ssar-anaphylactic reaction and shock-oct-2011,0900a04581056681,,
Ceti-Pseudo - 61,,,ssar-dyspnoea-oct-2011,0900a04581056683,,
Ceti-Pseudo - 70,,,ssar-erectile-dysfunction-feb-2013,0900a0458135c400,ssar-erectile-dysfunction-feb-2013-part-a,0900a0458135c403
Ceti-Pseudo - 93,,,ssar-use-in-pregnancy-feb-2013,0900a0458140e5c6,ssar-use-in-pregnancy-feb-2013-part-a,0900a0458140e78d
Ceti-Pseudo - 94,,,ssar-pediatric-population-feb-2013,0900a0458135c401,ssar-pediatric-population-feb-2013-part-a,0900a0458135c404
Cetirizine - 113,,,ssar-abdominal pain-jun-2014,0900a045819aa656,,
Cetirizine - 114,,,ssar-vomiting-jun-2014,0900a04581993ac0,,
Cetirizine - 115,,,,,,
Cetirizine - 116,,,,,,
Cetirizine - 117,,,,,,
Cetirizine - 153,,,,,,
Cetirizine - 174,,,,,,
Cetirizine - 189,,,,,,
Cetirizine - 194,,,,,,
Cetirizine - 220,,,,,,
Cetirizine - 221,,,ssar_hepatic disorders_jun_2014,0900a04581da5166,,
Cetirizine - 222,,,,,,
Cetirizine - 223,,,,,,
Cetirizine - 224,,,,,,
Cetirizine - 233,,,,,,
Cetirizine - 244,,,,,,
Cetirizine - 252,,,ssar-arthralgia-sep-2014,0900a04581afc5ec,ssar-arthralgia-sep-2014-part a,0900a04581da10cb
Cetirizine - 259,,,,,,
Cetirizine - 260,,,ssar-withdrawal  syndrome-sep-2014,0900a045818946df,ssar-withdrawal syndrome-sep-2014-part a,0900a045819cc8d6
Cetirizine - 263,,,,,,
Cetirizine - 264,,,ssar-abnormal dreams & nightmares-apr-2015,0900a04581c25806,ssar-abnormal dreams or nightmare - apr 2015 - part-a,0900a04581d0ee87
Cetirizine - 282,,,,,,
Cetirizine - 295,,,,,,
Cetirizine - 309,,,,,,
Cetirizine - 31,,,ssar-increased appetite-dec-2011,0900a04581081782,,
Cetirizine - 32,,,ssar-suicidal ideation-dec-2011,0900a0458106c557,,
Cetirizine - 33,,,ssar-vertigo-dec-2011,0900a0458108177f,,
Cetirizine - 34,,,ssar-alopecia-nov-2011,0900a045810816cc,,
Cetirizine - 35,,,ssar-urinary retention-aug-2011,0900a045810815c3,,
Cetirizine - 36,,,,,,
Cetirizine - 6,,,,,,
Cetirizine - 75,,,ssar-dyspnoea-dec-2011,0900a045810816d2,,
Cetirizine - 76,,,,,,
Cetirizine - 77,,,ssar-oculogyric crisis-dec-2012,0900a0458119548a,,
Cetirizine - 82,,,ssar-gynaecomastia-dec-2012,0900a04581195488,,
Cetirizine - 83,,,ssar-male infertility-dec-2012,0900a04581195489,,
Cetirizine - 84,,,ssar-pancreatitis-dec-2012,0900a04581195598,,
Cetirizine - 85,,,ssar-sjs and ten-dec-2012,0900a04581195599,,
Cetirizine / Levocetirizine / Meclozine - 279,,,,,,
Cetirizine/levocetirizine - 219,,,,,,
Cetirizine/Levocetirizine - 301,,,ssar-drug induced lung injury-jul-2015,0900a04581d0549f,,
Codeine Monohydrate - 195,,,,,,
Codeine monohydrate (+other codein-containing products)  - 146,,,ssar-abdominal-pain-jun-2014,0900a0458182b7da,ssar-abdominal pain-Jun-2014-part-a,0900a0458184c6ac
Codeine monohydrate (+other codein-containing products)  - 147,,,ssar-DDI-with neuroleptics bupropion or methadone-apr-2015,0900a04581b127e6,ssar-DDI with neuroleptics bupropion or methadone-apr-2015,0900a04581d169da
Codeine monohydrate (+other codein-containing products)  - 148,,,ssar-acute-pancreatitis-jun-2014,0900a0458184c81e,ssar-acute pancreatitis-Jun-2014-part-a,0900a0458184cd10
Codeine monohydrate (+other codein-containing products)  - 149,,,,,,
Codeine monohydrate (+other codein-containing products)  - 204,,,,,,
Colistimetate - 172,,,,,,
Cyproterone acetate /Ethinylestradiol - 137,,,,,,
Cyproterone acetate /Ethinylestradiol - 232,,,,,,
Cyproterone acetate /Ethinylestradiol - 37,,,,,,
Cyproterone acetate /Ethinylestradiol - 38,,,,,,
Cyproterone acetate /Ethinylestradiol - 39,,,,,,
Cyproterone acetate /Ethinylestradiol - 40,,,,,,
Cyproterone acetate /Ethinylestradiol - 41,,,,,,
Cyproterone acetate /Ethinylestradiol - 42,,,,,,
Cyproterone acetate /Ethinylestradiol - 43,,,,,,
Cyproterone acetate /Ethinylestradiol - 44,,,,,,
Cytarabine  - 182,,,,,,
Desogestrel /ethinylestradiol & dienogestrel/ethynilestradiol - 186,,,,,,
Diltiazem - 169,,,,,,
Diltiazem - 205,,,ssar-interaction with colchicine-dec-2014,0900a04581a15f2b,ssar-interaction with colchicine-jan-2015-part-a,0900a04581af8a68
Epratuzumab - 1,,,ssar-infections-may-2013,0900a045812e9bed,,
Epratuzumab - 2,,,ssar-anaphylaxis-may-2013,0900a045812cace2,,
Epratuzumab - 3,,,,,,
Epratuzumab - 4,,,,,,
Epratuzumab - 5,,,,,,
Ethinylestradiol - 60,,,,,,
Ethinylestradiol - 61,,,,,,
Ethinylestradiol - 62,,,,,,
Ethinylestradiol - 63,,,,,,
"Ethinylestradiol-containing products (cyproteron-EE, desogestrel-EE; dienogestrel-EE) - 180",,,,,,
"Ethinylestradiol-containing products (cyproteron-EE, desogestrel-EE; dienogestrel-EE) - 181",,,,,,
"Ethinylestradiol-containing products (cyproteron-EE, desogestrel-EE; dienogestrel-EE) - 234",,,,,,
ferrous glycine sulphate  - 245,,,,,,
Ferrous glycine sulphate  - 297,,,ssar-discoloration-of-the-tongue-oral-cavity-mucosa-jul-2015,0900a04581c894cb,ssar-discoloration-of-the-tongue-oral-cavity-mucosa-jul-2015,0900a04581d9179f
Ferrous Glycine Sulphate - 272,,,,,,
Ferrous glycine sulphate (and other Fe-containing products) - 130,,,,,,
ferrous glycine sulphate (and other Fe-containing products) - 132,,,,,,
Ferrous glycine sulphate (and other Fe-containing products) - 134,,,,,,
Ferrous glycine sulphate (and other Fe-containing products) - 212,,,,,,
Ferrous glycine sulphate (and other Fe-containing products) - 243,,,,,,
Ferrous glycine sulphate (and other Fe-containing products) - 91,,,,,,
ferrous glycine sulphate (and other Fe-containing products) - 92,,,ssar-drug interaction with proton pump ihibitors-mar-2013,0900a045811dd334,,
Ferrous glycine sulphate (and other Fe-sulphate containing products) - 131,,,ssar-anaphylactic-reaction-apr-2014,0900a04581655b85,ssar-anaphylactic reaction-mar-2014-part a,0900a0458173ed90
Ferrous glycine sulphate (and other Fe-sulphate containing products) - 133,,,,,,
Ferrous glycine sulphate (and other Fe-sulphate containing products) - 14,,,,,,
Ferrous glycine sulphate (and other Fe-sulphate containing products) - 15,,,,,,
Ferrous glycine sulphate (and other Fe-sulphate containing products) - 16,,,,,,
Ferrous glycine sulphate (and other Fe-sulphate containing products) - 17,,,,,,
Ferrous glycine sulphate (and other Fe-sulphate containing products) - 87,,,,,,
Ferrous glycine sulphate and all oral iron formulations - 129,,,ssar-gastrointestinal disorders-Jun-2013,0900a045816e1a04,ssar-gastrointestinal disorders-jun-2013-part-a,0900a045818f4573
"Folic acid and its combinations with ferrous, cyanocobalamin - 135",,,,,,
"Folic acid and its combinations with ferrous, cyanocobalamin - 136",,,,,,
"Folic acid and its combinations with ferrous, cyanocobalamin - 137",,,,,,
Fosinopril sodium+HCTZ - 131,,,,,,
Furosemide - 184,,,,,,
Furosemide - 20,,,,,,
Furosemide - 217,,,ssar-kidney-injury-sep-2014,0900a0458186c4a8,ssar-kidney injury-dec-2014-part-a,0900a045819c9bf0
Furosemide - 271,,,,,,
Furosemide - 278,,,,,,
furosemide - 293,,,,,,
GTN - 138,,,,,,
GTN - 139,,,,,,
GTN - 140,,,,,,
GTN - 141,,,,,,
GTN - 142,,,,,,
GTN - 143,,,,,,
GTN - 144,,,,,,
GTN - 145,,,,,,
GTN - 214,,,,,,
GTN - 231,,,ssar-thrombocytopenia-oct-2013,0900a0458169c9d8,,
GTN - 248,,,,,,
GTN - 249,,,ssar-macular degeneration-aug-2014,0900a0458199eb8f,,
GTN - 25,,,,,,
GTN - 250,,,,,,
GTN - 258,,,,,,
GTN - 26,,,,,,
GTN - 27,,,,,,
GTN - 274,,,ssar-interaction-with-riociguat-jan-2015,0900a04581b0285f,ssar-interaction-with-riociguat-jan-2015-part-a,0900a04581b0285c
GTN - 321,,,,,,
GTN - 326,,,,,,
GTN - 64,,,,,,
Hydrocodone + Acetaminophen (Unspecified) - 200,,,,,,
Hydrocodone + Acetaminophen (Unspecified) - 201,,,,,,
Hydrocodone + Acetaminophen (Unspecified) - 202,,,,,,
Hydrocodone + Acetaminophen (Unspecified) - 68,,,,,,
Hydrocodone + Acetaminophen (Unspecified) - 72,,,,,,
Hydrocodone + Acetaminophen (Unspecified) - 75,,,,,,
Hydrocodone/Chloropheniramine - 231,,,ssar-breastfeeding-lactation-may-2015,0900a04581b8aa5c,ssar-breastfeeding-lactation-may-2015-part-a,0900a04581bfb452
Hydrocodone/Chloropheniramine - 92,,,,,,
Hydroxyzine - 146,,,,,,
Hydroxyzine - 147,,,,,,
Hydroxyzine - 148,,,,,,
Hydroxyzine - 149,,,,,,
Hydroxyzine - 150,,,,,,
Hydroxyzine - 151,,,ssar-suicidality-oct-2014,0900a045818bf96e,,
Hydroxyzine - 152,,,ssar-bullous conditions-sep-2014,0900a04581865700,ssar-bullous conditions-sep-2014-part-a,0900a045818c65b1
Hydroxyzine - 18,,,ssar-qt prolongation and torsade de pointes-jul-2011,0900a0458107c790,,
Hydroxyzine - 19,,,,,,
Hydroxyzine - 191,,,,,,
Hydroxyzine - 192,,,,,,
Hydroxyzine - 207,,,,,,
Hydroxyzine - 208,,,,,,
Hydroxyzine - 209,,,,,,
Hydroxyzine - 210,,,,,,
Hydroxyzine - 211,,,,,,
Hydroxyzine - 227,,,,,,
Hydroxyzine - 238,,,ssar-loss of consciousness-oct-2014,0900a0458191b956,,
Hydroxyzine - 253,,,ssar-qt-prolongation-torsades-de-pointes-mar-2014,0900a0458165d29a,ssar-QT prolongation and TdP-Mar-2014-part-a,0900a04581e0bce1
Hydroxyzine - 254,,,ssar-thrombocytopenia-sep-2014,0900a0458185dc1a,,
Hydroxyzine - 261,,,,,,
Hydroxyzine - 265,,,,,,
Hydroxyzine - 277,,,,,,
Hydroxyzine - 280,,,,,,
Hydroxyzine - 281,,,,,,
Hydroxyzine - 289,,,,,,
Hydroxyzine - 298,,,ssar-bradycardia-Sep-2015,0900a04581cb90d3,,
Hydroxyzine - 299,,,,,,
Hydroxyzine - 300,,,,,,
Hydroxyzine - 306,,,,,,
Hydroxyzine - 318,,,ssar-Depression-Sep-2015,0900a04581cc9fad,,
Hydroxyzine / Cetirizine / Levocetirizine - 311,,,,,,
Indapamide - 215,,,ssar-myopia-may-2015,0900a04581c0f053,ssar-myopia-may-2015-part-a,0900a04581cbdafe
Indapamide - 216,,,ssar-pemphigus-may-2015,0900a04581c1279d,ssar-pemphigus-may-2015-part-a,0900a04581cbdc98
ISDN - 158,,,,,,
ISDN - 159,,,,,,
ISDN - 160,,,,,,
ISDN - 161,,,,,,
ISDN - 202,,,ssar-thrombocytopenia-oct-2013,0900a0458169823a,,
ISDN - 226,,,,,,
ISDN - 242,,,,,,
ISDN - 273,,,ssar-interaction with riociguat-jan-2015,0900a04581a293b6,ssar-interaction with riociguat-jan-2015-part-a,0900a04581a7c041
ISDN - 312,,,ssar-macular-degeneration-aug-2014,0900a04581b02861,,
ISDN - 320,,,,,,
ISMN - 162,,,ssar-angioedema-feb-2014,0900a045816e7a56,ssar-angioedema-feb-2014-part-a,0900a0458187d4d6
ISMN - 163,,,,,,
ISMN - 164,,,,,,
ISMN - 165,,,,,,
ISMN - 166,,,,,,
ISMN - 167,,,,,,
ISMN - 168,,,,,,
ISMN - 169,,,,,,
ISMN - 170,,,,,,
ISMN - 171,,,,,,
ISMN - 196,,,,,,
ISMN - 198,,,,,,
ISMN - 21,,,,,,
ISMN - 22,,,,,,
ISMN - 23,,,,,,
ISMN - 230,,,ssar-thrombocytopenia-oct-2013,0900a0458169c7a5,,
ISMN - 232,,,,,,
ISMN - 24,,,,,,
ISMN - 275,,,ssar-interaction-with-riociguat-jan-2015,0900a04581b0285d,ssar-interaction-with-riociguat-jan-2015-part-a,0900a04581b024d1
ISMN - 313,,,ssar-macular-degeneration-aug-2014,0900a04581b02863,,
ISMN - 319,sov-effects-on-menstrual-cycle-dec-2015,0900a04581df09b3,,,,
lacosamide - 1,,,ssar-wbc haematopoietic impairment-jun-2012,0900a0458108146e,,
lacosamide - 10,,,,,,
lacosamide - 11,,,,,,
lacosamide - 12,,,ssar-weight increased-mar-2013,0900a045811f1600,,
lacosamide - 13,,,,,,
lacosamide - 14,,,,,,
lacosamide - 15,,,ssar-abnormal behaviour-may2013,0900a045812a6d6d,,
lacosamide - 16,,,ssar-addendum-sjs-ten-jul-2013,0900a045813a22ee,,
lacosamide - 17,,,ssar-acute-pancreatitis-sep-2013,0900a045814921da,,
lacosamide - 18,,,,,,
lacosamide - 19,,,,,,
lacosamide - 2,,,ssar-drug-induced liver injury-oct-2012,0900a04581093cea,,
lacosamide - 20,,,ssar-brugada syndrome and sodium channelopathies-oct-2013,0900a045814a1663,,
lacosamide - 21,,,,,,
lacosamide - 22,,,,,,
lacosamide - 23,,,,,,
lacosamide - 24,,,ssar-acute-liver-failure-and-serious-dili-oct-2013,0900a0458161ac8d,,
lacosamide - 25,,,,,,
lacosamide - 26,,,ssar-alopecia-apr-2014,0900a045816f5ce6,,
lacosamide - 27,,,ssar-blood-dyscrasias-excluding-WBC-cytopenias-nov-2013,0900a04581526072,,
lacosamide - 28,,,ssar-homicidal-ideation-dec-2013,0900a04581537f26,,
lacosamide - 29,,,,,,
lacosamide - 3,,,ssar-sudep-oct-2012,0900a04581093cee,,
lacosamide - 30,,,,,,
lacosamide - 31,,,,,,
lacosamide - 32,,,,,,
lacosamide - 33,,,,,,
Lacosamide - 34,,,,,,
Lacosamide - 35,,,,,,
lacosamide - 36,,,,,,
lacosamide - 37,,,,,,
lacosamide - 38,,,Appendix 5.3 ssar-overdose-and-convulsion-loss-of-consciousn,0900a0458185f952,ssar-overdose-and-seizures-aug-2014-part A,0900a045818a20b4
lacosamide - 39,,,ssar-overdose-jun-2013,0900a04581327ea5,ssar-overdose-dec-2013- part-a,0900a04581543253
lacosamide - 4,,,ssar-congenital hydronephrosis-oct-2012,0900a04581093cec,,
Lacosamide - 40,,,,,,
Lacosamide - 41,,,,,,
Lacosamide - 42,,,,,,
Lacosamide - 43,,,,,,
Lacosamide - 44,,,,,,
Lacosamide - 45,,,,,,
Lacosamide - 46,,,,,,
Lacosamide - 47,,,,,,
lacosamide - 48,,,,,,
lacosamide - 49,,,ssar-overdose-jul-2015,0900a04581cbe5a8,,
lacosamide - 5,,,,,,
lacosamide - 50,,,ssar-dili-jul-2015,0900a04581c6aa63,,
lacosamide - 51,,,,,,
lacosamide - 52,,,,,,
lacosamide - 6,,,,,,
lacosamide - 7,,,ssar-convulsions-oct-2012,0900a04581093ceb,,
lacosamide - 8,,,,,,
lacosamide - 9,,,ssar-bone disorders-oct-2012,0900a04581093cef,,
levetiracetam - 1,,,ssar-potential abuse-jul-2012,0900a04581097606,,
levetiracetam - 10,,,ssar-hypoglycemia-nov-2012,0900a0458109398f,,
levetiracetam - 11,,,ssar-bonedisorders-Nov-2012,0900a0458109c662,,
levetiracetam - 12,,,,,,
levetiracetam - 13,,,ssar-SJSethnic-jan-2013,0900a04581107a83,,
levetiracetam - 14,,,ssar-siadh-mar-2013,0900a0458126b006,,
levetiracetam - 15,,,ssar-dress-may-2013,0900a045812c04dc,ssar-dress-may-2013-part-a,0900a045813602ea
levetiracetam - 16,,,,,,
levetiracetam - 17,,,ssar-rhabdomyolysis-and-increased-cpk-may-2013,0900a045812f7099,,
levetiracetam - 18,,,,,,
levetiracetam - 19,,,ssar-hyponatraemia-sep-2013,0900a0458141be65,ssar-hyponatremia-sep-2013-part-a,0900a04581479ea9
levetiracetam - 2,,,ssar-acute generalized exanthematous pustulosis-dec-2011,0900a0458102cd42,,
levetiracetam - 20,,,ssar-angioedema-oct-2013,0900a045814d04f6,,
levetiracetam - 21,,,,,,
levetiracetam - 22,,,,,,
levetiracetam - 23,,,,,,
levetiracetam - 24,,,,,,
levetiracetam - 25,,,,,,
levetiracetam - 26,,,,,,
levetiracetam - 27,,,ssar-interstitial nephritis-nov 2014,0900a0458191f11f,,
levetiracetam - 28,,,,,,
levetiracetam - 29,,,ssar-acute kidney injury-jul-2015,0900a04581bf6bb3,ssar-acute-kidney-injury-july 2015-part-a,0900a04581d76890
levetiracetam - 3,,,,,,
levetiracetam - 30,,,ssar-toxic encephalopathy-June-2015,0900a04581bc0a1d,ssar-toxic encephalopathy-june2015-part a,0900a04581deb33a
levetiracetam - 31,,,,,,
levetiracetam - 32,,,ssar-rhabdomyolysis-Feb-2015,0900a04581a49360,,
levetiracetam - 33,,,,,,
levetiracetam - 34,,,ssar-drug drug interaction with methotrexate-may-2015,0900a04581ae8775,,
levetiracetam - 35,,,ssar-angioedema-apr-2015,0900a04581b247d5,,
levetiracetam - 36,,,ssar-agep-may-2015,0900a04581b6a038,ssar-agep-may2015-part a,0900a04581e01544
levetiracetam - 37,,,ssar-anaphylactic reactions-apr-2015,0900a04581b21d94,,
levetiracetam - 38,,,,,,
levetiracetam - 39,,,,,,
levetiracetam - 4,,,ssar-agranulocytosis-nov-2012,0900a0458109ae1c,ssar-agranulocytosis-apr-2013-supplement-part-a,0900a045812538e9
levetiracetam - 40,,,,,,
levetiracetam - 41,,,,,,
levetiracetam - 42,,,,,,
levetiracetam - 43,,,ssar-medication error with overdose-oct 2015,0900a04581d3d78e,ssar-medication error with overdose- oct 2015- part a,0900a04581dbaa8e
levetiracetam - 44,,,ssar-interstitial nephritis addendum-sep-2015,0900a04581cdba4a,,
levetiracetam - 45,,,,,,
levetiracetam - 46,,,,,,
levetiracetam - 47,,,,,,
levetiracetam - 48,,,,,,
levetiracetam - 49,,,,,,
levetiracetam - 5,,,ssar-tubulointerstitialnephritis-nov-2012,0900a04581058dde,,
levetiracetam - 50,sov-dysgeusia-dec2015,0900a04581e05eea,,,,
levetiracetam - 6,,,,,,
levetiracetam - 7,,,,,,
levetiracetam - 8,,,,,,
levetiracetam - 9,,,,,,
Levocetirizine - 125,,,,,,
Levocetirizine - 126,,,,,,
Levocetirizine - 154,,,,,,
Levocetirizine - 155,,,,,,
Levocetirizine - 156,,,,,,
Levocetirizine - 157,,,,,,
Levocetirizine - 172,,,,,,
Levocetirizine - 173,,,,,,
Levocetirizine - 175,,,,,,
Levocetirizine - 186,,,ssar-alopecia-nov-2013,0900a04581521a3f,,
Levocetirizine - 188,,,,,,
Levocetirizine - 193,,,,,,
Levocetirizine - 195,,,,,,
Levocetirizine - 197,,,,,,
Levocetirizine - 204,,,,,,
Levocetirizine - 205,,,,,,
Levocetirizine - 229,,,,,,
Levocetirizine - 234,,,,,,
Levocetirizine - 236,,,,,,
Levocetirizine - 251,,,ssar-withdrawal syndrome-oct-2014,0900a04581afaabf,ssar-withdrawal syndrome-apr-2015-part a,0900a04581d0a275
Levocetirizine - 255,,,ssar-diarrhoea-sep-2014,0900a0458193fad5,,
Levocetirizine - 256,,,ssar-arthralgia-sep-2014,0900a0458193f9b4,ssar-arthralgia-sep-2014-part a,0900a04581ced1e8
Levocetirizine - 266,,,,,,
Levocetirizine - 268,,,,,,
Levocetirizine - 270,,,,,,
Levocetirizine - 296,,,,,,
Levocetirizine - 315,,,ssar-convulsions in epileptic patients-aug-2015,0900a04581d38e64,,
Levocetirizine - 317,,,,,,
Levocetirizine - 322,,,,,,
Levocetirizine - 37,,,,,,
Levocetirizine - 38,,,ssar-increased appetite-jul-2011,0900a04581056689,,
Levocetirizine - 39,,,,,,
Levocetirizine - 40,,,,,,
Levocetirizine - 41,,,ssar-dysgeusia-aug-2011,0900a04581056687,,
Levocetirizine - 42,,,ssar-exfoliative skin disorders-jul-2011,0900a04581056688,,
Levocetirizine - 43,,,ssar-insomnia-jul-2011,0900a04581056702,,
Levocetirizine - 44,,,,,,
Levocetirizine - 45,,,,,,
Levocetirizine - 46,,,,,,
Levocetirizine - 47,,,,,,
Levocetirizine - 48,,,ssar-oedema-aug-2011,0900a04581056703,,
Levocetirizine - 49,,,ssar-photosensitivity reactions-jul-2011,0900a04581056704,,
Levocetirizine - 50,,,,,,
Levocetirizine - 51,,,ssar-suicidal ideation-jul-2011,0900a04581056705,,
Levocetirizine - 52,,,ssar-syncope and loss of consciousness-jul-2011,0900a0458105670a,,
Levocetirizine - 53,,,ssar-thrombocytopenia-jul-2011,0900a04581056706,,
Levocetirizine - 54,,,ssar-tremor-aug-2011,0900a04581056707,,
Levocetirizine - 55,,,ssar-vertigo-jul-2011,0900a04581056709,,
Levocetirizine - 56,,,,,,
Levocetirizine - 57,,,ssar-urinary retention-jul-2011,0900a0458105670b,,
Levocetirizine - 69,,,,,,
Levocetirizine - 71,,,,,,
Levocetirizine - 72,,,,,,
Levocetirizine - 73,,,,,,
Levocetirizine - 74,,,,,,
Levocetirizine - 78,,,,,,
Levocetirizine - 88,,,,,,
Lidocaine - 176,,,,,,
Lorazepam - 193,,,,,,
Lorazepam - 198,,,,,,
Lorazepam - 209,,,,,,
Lorazepam - 220,,,,,,
Lovastatin  - 94,,,,,,
Lovastatin  - 96,,,,,,
Magnesium Oxide - 218,,,,,,
Magnesium Oxide - 246,,,,,,
Magnesium oxide - 292,,,,,,
Magnesium Oxide - 79,,,,,,
Magnesium sulfate - 185,,,,,,
Magnesium sulfate - 240,,,,,,
Meclozine - 257,,,ssar-cleft lip and palate-oct-2014,0900a0458190b768,ssar-meclozine-cleft lip and palate-oct 2014-part-a,0900a04581a6c868
Mesna - 90,,,,,,
methylphenidate hydrochloride - 143,,,ssar-erectile dysfunction-mar-2013,0900a045811d9170,,
methylphenidate hydrochloride - 144,,,ssar-logorrhea-Feb-2013,0900a0458115f18d,,
methylphenidate hydrochloride - 145,,,,,,
Methylphenidate hydrochloride - 151,,,ssar-ku-lack-of-efficacy-jan-2014,0900a045819cc8d2,,
methylphenidate hydrochloride - 173,,,,,,
methylphenidate hydrochloride - 199,,,,,,
methylphenidate hydrochloride - 210,,,ssar-self-injury-suicide-feb-2015,0900a04581aa5fc4,ssar-self-injury-suicide-feb-2015-part-a,0900a04581c321f5
methylphenidate hydrochloride - 211,,,,,,
methylphenidate hydrochloride - 219,,,,,,
Methylphenidate hydrochloride - 223,,,,,,
Methylphenidate hydrochloride - 224,,,,,,
Methylphenidate hydrochloride - 225,,,ssar-lack-of-efficacy-Jul-2014,0900a045818511e4,,
Metolazone - 141,,,,,,
Metolazone - 236,,,,,,
Metopimazine - 100,,,,,,
Metopimazine - 101,,,,,,
Metopimazine - 102,,,,,,
Metopimazine - 103,,,,,,
Metopimazine - 104,,,,,,
Moexipril - 201,,,,,,
Moexipril - 307,,,,,,
Moexipril - 323,,,,,,
Moexipril - 62,,,,,,
Moexipril-HCTZ - 177,,,,,,
Moexipril-HCTZ - 200,,,,,,
Moexipril-HCTZ - 206,,,,,,
Moexipril-HCTZ - 215,,,,,,
Moexipril-HCTZ - 303,,,,,,
Moexipril-HCTZ - 308,,,,,,
Moexipril-HCTZ - 324,,,,,,
Moexipril-HCTZ - 63,,,,,,
Nifedipine - 153,,,,,,
Nifedipine - 154,,,ssar-renal failure-jul-2014,0900a045817b2848,,
Nifedipine - 155,,,,,,
Nifedipine - 156,,,,,,
Nifedipine - 157,,,,,,
Nifedipine - 158,,,ssar-off-label-use-for-tocolysis-jun-2014,0900a0458188d8b3,ssar-off-label-use-for-tocolysis-jun-2014-part-a,0900a04581a7c263
Nifedipine - 159,,,,,,
Nifedipine - 160,,,ssar-shock-in-elderly-on-concomitant-macrolides-may-2014,0900a04581c623ca,,
Nifedipine - 161,,,ssar-pulmonary distress-Jun 2014,0900a04581c782fc,ssar-pulmonary distress-jun-2014-part-a,0900a04581d7038a
Nifedipine - 162,,,,,,
Nifedipine - 163,,,ssar-gynecomastia-may-2014,0900a04581c88f57,,
Nifedipine - 170,,,,,,
Nifedipine - 203,,,ssar-suicidal behavior-dec-2014,0900a04581a1608e,,
Nitrendipine - 171,,,,,,
Nitrendipine - 187,,,,,,
Nitrendipine - 188,,,,,,
Nitrendipine - 189,,,,,,
Nitrendipine - 190,,,ssar-thrombocytopenia-aug-2014,0900a04581853c7b,,
Nitrendipine - 191,,,ssar-lupus erythematosus-sep-2014,0900a0458189083e,,
Olsalazine - 86,,,ssar-crystalluria-sep-2012,0900a0458140e791,,
Omeprazole - 107,,,,,,
Omeprazole - 108,,,,,,
Omeprazole - 109,,,,,,
Omeprazole - 110,,,,,,
Omeprazole - 111,,,,,,
Omeprazole - 112,,,,,,
Omeprazole - 113,,,,,,
Omeprazole - 114,,,,,,
Omeprazole - 128,,,,,,
Omeprazole - 139,,,,,,
Omeprazole - 140,,,,,,
Omeprazole - 142,,,,,,
Omeprazole - 150,,,,,,
Omeprazole - 176,,,,,,
Omeprazole/Pantoprazole/Rabeprazole - 235,sov_lupus_oct_2015,0900a04581d9b445,ssar_lupus_nov_2015,0900a04581e0c8e1,,
"Oral hormonal contraceptives (desogestrel, desogestrel-EE, dienogestrel-EE) - 179",,,,,,
Pantoprazole - 125,,,,,,
Pantoprazole - 126,,,,,,
Paracetamol-codeine - 178,,,,,,
Paracetamol-codeine - 28,,,,,,
Paracetamol-codeine - 284,,,,,,
Paracetamol-codeine - 304,,,,,,
Paracetamol-codeine - 305,,,,,,
Paracetamol-codeine - 80,,,,,,
Paracetamol-containing products  - 121,,,,,,
Paracetamol-containing products  - 177,,,,,,
Paracetamol-containing products  - 199,,,,,,
Paracetamol-containing products  - 208,,,ssar-glutathione depletion-feb-2015,0900a04581b15993,,
Paracetamol-containing products  - 23,,,,,,
Paracetamol-containing products  - 235,,,,,,
Paracetamol-containing products  - 237,,,SSAR Acetaminophen SJS TEN AGEP Aug-2013,0900a045813ef635,,
Paracetamol-containing products  - 262,,,,,,
Paracetamol-containing products  - 310,,,,,,
Paracetamol-containing products  - 64,,,,,,
Paracetamol-containing products  - 65,,,,,,
Paracetamol-containing products  - 66,,,,,,
Paracetamol-containing products  - 67,,,,,,
Paracetamol-containing products  - 69,,,,,,
Paracetamol-containing products  - 70,,,,,,
Paracetamol-containing products  - 73,,,,,,
Paracetamol-containing products  - 74,,,,,,
Paracetamol-containing products  - 77,,,,,,
Paracetamol-containing products  - 79,,,,,,
Paracetamol-containing products  - 80,,,,,,
Paracetamol-containing products  - 81,,,,,,
Paracetamol-containing products  - 82,,,,,,
Paracetamol-containing products  - 83,,,,,,
Paracetamol-containing products  - 84,,,ssar-hypokalaemia on overdose-aug-2014,0900a045817ee366,ssar-hypokalemia on overdose-aug-2014-part-a,0900a04581a585d8
Paracetamol-containing products  - 85,,,ssar-metabolic acidosis-oct-2014,0900a045817d6caf,,
Paracetamol-containing products  - 86,,,,,,
Paracetamol-containing products  - 87,,,,,,
Paracetamol-containing products  - 88,,,,,,
Paracetamol-containing products  - 89,,,,,,
Paracetamol-containing products  - 90,,,,,,
Paracetamol-containing products  - 91,,,,,,
Phenoxymethylpenicillin - 212,,,,,,
Phenoxymethylpenicillin - 218,,,ssar-dress-jul-2015,0900a04581c12f6c,ssar-dress-jul-2015-part-a,0900a04581cad413
Phenoxymethylpenicillin - 71,,,ssar-ten-mar-2014,0900a04581645af9,ssar-ten-mar-2014-part-a,0900a04581769435
Phenoxymethylpenicillin - 76,,,,,,
Piracetam  - 122,,,,,,
Piracetam  - 123,,,,,,
Piracetam  - 124,,,,,,
Piracetam  - 181,,,,,,
Piracetam  - 185,,,,,,
Piracetam  - 285,,,,,,
Piracetam  - 29,,,,,,
Piracetam  - 65,,,,,,
Piracetam  - 66,,,,,,
Piracetam  - 67,,,,,,
Piracetam  - 68,,,,,,
Piracetam  - 89,,,,,,
Piracetam  - 95,,,ssar-risk of hemorrhage-jun-2010,0900a0458106c495,,
Polyethylene glycol 3350 - 233,,,,,,
Potassium chloride - 115,,,,,,
Potassium chloride - 130,,,,,,
Potassium chloride - 4,,,,,,
Potassium chloride - 78,,,,,,
Potassium chloride - 8,,,,,,
Potassium chloride - 9,,,,,,
Promethazine - 216,,,ssar-human-infertility-jan-2014,0900a045815aa3a9,,
Promethazine - 30,,,,,,
rotigotine - 1,,,ssar-delusion-jul-2012,0900a04581080bd5,,
rotigotine - 10,,,ssar-events monit app 5 interact-dec-2012,0900a045810faed7,,
rotigotine - 11,,,ssar-events monit app 6 pancreat-dec-2012,0900a045810fdf4c,,
rotigotine - 12,,,ssar-events monit app 7 valve disord-dec-2012,0900a0458110b277,,
rotigotine - 13,,,ssar-events monit app 8 cardiac failure-dec-2012,0900a0458111552d,,
rotigotine - 14,,,ssar-events mon app 9 qt prolong-dec-2012,0900a04581113de9,,
rotigotine - 15,,,ssar-events mon app 10 myocardial infarction-dec-2012,0900a04581113b3d,,
rotigotine - 16,,,ssar-events monit app 11 circulatory insuff-dec-2012,0900a04581114368,,
rotigotine - 17,,,ssar-events monit app 12  rhabdomyolysis-dec-2012,0900a04581115298,,
rotigotine - 18,,,ssar-events monit app 13 suicide-dec-2012,0900a0458114e398,,
rotigotine - 19,,,,,,
rotigotine - 2,,,ssar-delirium-jul-2012,0900a04581080bd4,,
rotigotine - 20,,,,,,
rotigotine - 21,,,,,,
rotigotine - 22,,,,,,
rotigotine - 23,,,ssar-agitation-apr-2013,0900a04581296339,ssar-agitation-apr-2013-part-a,0900a04581391472
rotigotine - 24,,,ssar-JapaneseCPK-09-2013,0900a04581437fac,ssar-japanese-increased-cpk-nov-2013-part-a,0900a045814f0807
rotigotine - 25,,,,,,
rotigotine - 26,,,,,,
rotigotine - 27,,,,,,
rotigotine - 28,,,,,,
rotigotine - 29,,,,,,
rotigotine - 3,,,ssar-disorientation-jul-2012,0900a04581080bd6,ssar-disorientation-jul-2012-supplement part a,0900a04581080d7a
rotigotine - 30,,,ssar-heart-failure-claims-data-dec-2013,0900a04581534a3a,,
rotigotine - 31,,,ssar-myocardial-infarction-claims-data-dec-2013,0900a04581534623,,
rotigotine - 32,,,ssar-crystallization-sep-2013,0900a04581468c32,,
rotigotine - 33,,,,,,
rotigotine - 34,,,,,,
rotigotine - 35,,,ssar-delusion-addendum-dec-2013,0900a04581545c93,,
rotigotine - 36,,,ssar-delirium-addendum-dec-2013,0900a04581545c8c,,
rotigotine - 37,,,,,,
rotigotine - 38,,,,,,
rotigotine - 39,,,ssar-dopamine-dysregulation-syndrome-feb-2014,0900a0458161caae,ssar-dopamine-dysregulation-syndrome-feb-2014-part-a,0900a0458172245a
rotigotine - 4,,,ssar-agitation-jul-2012,0900a04581080bd3,,
rotigotine - 40,,,,,,
rotigotine - 41,,,ssar-cardiac-failure-jan-2015,0900a04581a10202,ssar-cardiac-failure-jan-2015-part-a,0900a04581b6da8f
rotigotine - 42,,,ssar-myocardial-infaction-jan-2015,0900a04581a45b7a,ssar-myocardial-infarction-jan-2015-part-a,0900a04581b6dd82
rotigotine - 43,,,,,,
rotigotine - 44,,,,,,
rotigotine - 45,,,,,,
rotigotine - 46,,,,,,
rotigotine - 47,,,ssar-cardiovalvular-fibrosis-dec-2014,0900a045819bee14,ssar-cardiovalvular-fibrosis-dec-2014-part-a,0900a04581a55b55
rotigotine - 48,,,,,,
rotigotine - 49,sov-hallucination-20150923,0900a04581d1cb1f,ssar-gender-difference-of-event-hallucinations-sep-2015,0900a04581dd1405,ssar-gender-difference-of-event-hallucinations-sep2015-partA,0900a04581dddd24
rotigotine - 5,,,,,,
rotigotine - 50,,,ssar-low-haemoglobin-low-haematocrit-may-2015,0900a04581bd03e6,,
rotigotine - 6,,,ssar-events monit app 1 chol hep-dec-2012,0900a045810faacf,,
rotigotine - 7,,,ssar-events monit app 2 dysarthria-dec-2012,0900a04581154c01,,
rotigotine - 8,,,ssar-events monit app 3 pleurothot-dec-2012,0900a045810faad1,,
rotigotine - 9,,,ssar-events monit app 4 glaucoma-dec-2012,0900a0458110e142,,
Salmeterol/fluticasone - 227,,,NA,,,
Sodium nitroprusside - 179,,,NA,,,
Sodium nitroprusside - 180,,,NA,,,
Sodium nitroprusside - 190,,,,,,
sodium oxybate - 1,,,ssar-increased prolactin seccretion-dec-2011,0900a04581081475,,
sodium oxybate - 10,,,,,,
sodium oxybate - 11,,,ssar-road-traffic-accident-nov-2013,0900a04581513e04,,
sodium oxybate - 12,,,,,,
sodium oxybate - 13,sov-hunger-jul-2013,0900a04581ddaf19,,,,
sodium oxybate - 14,,,,,,
sodium oxybate - 15,,,NA,,,
sodium oxybate - 16,,,,,,
sodium oxybate - 17,,,NA,,,
sodium oxybate - 18,,,NA,,,
sodium oxybate - 19,,,NA,,,
Sodium Oxybate - 2,,,,,,
sodium oxybate - 20,,,ssar-swelling-face-oct-2013,0900a04581850ed7,ssar-swelling-face-sep-2014-part-a,0900a045818dcbd6
sodium oxybate - 21,,,,,,
sodium oxybate - 22,,,,,,
sodium oxybate - 23,,,,,,
sodium oxybate - 24,,,NA,,,
sodium oxybate - 25,,,,,,
sodium oxybate - 26,,,,,,
sodium oxybate - 27,,,NA,,,
sodium oxybate - 28,,,,,,
sodium oxybate - 29,,,ssar-dry mouth-oct-2013,0900a04581615424,ssar-dry-mouth-oct-2013-part-a,0900a0458187d6d0
sodium oxybate - 3,,,NA,,,
sodium oxybate - 30,,,ssar-loss of consciousness-jul-2014,0900a0458194ba82,ssar-loss-of-consciousness-dec-2014-part-a,0900a045819976fa
sodium oxybate - 31,,,,,,
sodium oxybate - 32,,,,,,
sodium oxybate - 33,,,ssar-panic-attack-Feb-2014,0900a0458160e74b,,
sodium oxybate - 34,,,,,,
sodium oxybate - 35,,,,,,
sodium oxybate - 36,,,,,,
sodium oxybate - 37,,,,,,
sodium oxybate - 38,,,,,,
sodium oxybate - 39,,,,,,
sodium oxybate - 4,,,ssar-pollakiuria-micturition-urgency-nov-2014,0900a04581964424,ssar-pollakiuria-micturition-urgency-nov-2014-part-a,0900a04581a7f163
sodium oxybate - 40,,,,,,
sodium oxybate - 41,,,NA,,,
sodium oxybate - 42,,,NA,,,
sodium oxybate - 43,,,,,,
sodium oxybate - 44,,,,,,
sodium oxybate - 45,,,,,,
sodium oxybate - 46,,,,,,
sodium oxybate - 47,,,,,,
sodium oxybate - 48,,,,,,
sodium oxybate - 49,,,,,,
sodium oxybate - 5,,,NA,,,
sodium oxybate - 50,,,,,,
sodium oxybate - 51,,,NA,,,
sodium oxybate - 52,,,,,,
sodium oxybate - 53,,,,,,
sodium oxybate - 54,,,,,,
sodium oxybate - 55,,,NA,,,
sodium oxybate - 56,,,,,,
sodium oxybate - 57,,,,,,
sodium oxybate - 58,,,,,,
sodium oxybate - 59,,,ssar-euphoric mood-dec-2013,0900a0458155d068,ssar-euphoric mood-dec-2013-part-a,0900a045816e3b19
sodium oxybate - 6,,,,,,
sodium oxybate - 60,,,ssar-drug-drug-interaction-with-sodium-valproate-nov-2013,0900a0458155d505,ssar-drug drug interaction with valproate-nov-2013-part-a,0900a045816e3b1e
sodium oxybate - 61,,,ssar-topiramate-jan-2014,0900a045815a45e0,ssar-drug-drug interaction with topiramate-jan-2014-part-a,0900a0458173f268
sodium oxybate - 62,,,,,,
sodium oxybate - 63,,,,,,
sodium oxybate - 64,,,ssar-growth-hormone-sep-2013,0900a0458149fafe,,
sodium oxybate - 65,,,,,,
sodium oxybate - 66,,,NA,,,
sodium oxybate - 67,,,,,,
sodium oxybate - 68,,,ssar-sleep related eating disorders-jul-2014,0900a0458197f369,ssar-sleep related eating disorder-jul-2014-part-a,0900a04581a9f584
sodium oxybate - 69,,,,,,
sodium oxybate - 7,,,,,,
sodium oxybate - 70,,,ssar-panic-attack-sep-2014,0900a04581a172bc,ssar-panic-attacks-sep-2014-part-a,0900a04581c099f9
sodium oxybate - 71,,,,,,
sodium oxybate - 72,,,ssar-tinnitus-feb-2015,0900a04581a16335,ssar-tinnitus-feb-2015-part-a,0900a04581c325f8
sodium oxybate - 73,,,,,,
sodium oxybate - 74,,,ssar-bruxism-feb-2015,0900a04581a16334,ssar-bruxism-feb-2015-part-a,0900a04581c321f6
sodium oxybate - 75,,,ssar-syncope-nov-2014,0900a045819de85a,,
sodium oxybate - 76,,,,,,
sodium oxybate - 77,,,ssar-mania-bipolar-disorder-mar-2015,0900a04581b69a31,ssar-mania-bipolar-disorder-mar-2015-part-a,0900a04581c325f6
sodium oxybate - 78,,,ssar-homicidal ideation-feb-2015,0900a04581ada301,ssar-homicidal-ideation-feb-2015-part-a,0900a04581c24aa2
sodium oxybate - 79,,,ssar-delusion-jun-2014,0900a04581a07adc,ssar-delusion-jun-2014-part-a,0900a04581c47f54
sodium oxybate - 8,,,,,,
sodium oxybate - 80,,,ssar-dehydration-apr-2015,0900a04581b383a9,ssar-dehydration-apr-2015-part-a,0900a04581b6a3a8
sodium oxybate - 81,,,ssar-hostility-aggression-nov-2015,0900a04581dac6a7,,
sodium oxybate - 82,,,ssar-dyskinesia-nov-2015,0900a04581e057ff,,
sodium oxybate - 9,,,ssar-dehydration-feb-2014,0900a04581649ead,,
Sulfamethoxazole/Trimethoprim  - 192,,,ssar-dress-aug-2014,0900a0458180b9e3,ssar-dress-aug-2014-part-a,0900a0458181c512
Sulfamethoxazole/Trimethoprim - 217,,,,,,
Ticlopidine - 238,sov-DDI-with-PPI-nov-2015,0900a04581de95b6,NA,,,
Trapidil - 197,,,ssar-liver disorders-Oct-2014,0900a045819a0536,ssar-liver-disorders-oct-2014-part-a,0900a04581e0be53
UCB0942 - 3,,,,,,
UCB0942 - 4,,,,,,
UCB4940 - 10,,,,,,
UCB4940 - 3,,,ssar-superficial-dermatitis-in-nhp-oct-2014,0900a04581903369,,
UCB4940 - 7,,,,,,
UCB5857 - 4,,,ssar-Skin Rash-nov-2014,0900a045819b4154,,
UCB5857 - 8,,,ssar athero and aneurysm,0900a04581d775b8,,
UCB5857 - 9,,,,,,
UCB7665 - 5,,,ssar-gi disturbance and headache,0900a04581d775b9,,
UCB7665 - 6,,,NA,,,
Venlafaxine - 230,,,,,,